{"SSID": "Sorensen Perpendicularity", "sampleRate": 50, "PASSWORD": "lifebeforedeath2016!", "d": 0.04496105, "a": 1.931843e-17, "calibration_values": [[922, 0], [-99304, 5], [-196637, 10], [-493281, 25]], "c": -4.877688e-05, "b": 1.320481e-11}