{
    "SSID": "Riverhaus-Shop",
    "PASSWORD": "27754924",
    "sampleRate": 50,
    "a": -1.96034E-18,
    "b": -1.45362E-12,
    "c": -4.96120E-05,
    "d": 4.57435E-02,
    "workOffset":9,
    "calibration_values": [
        [922,       0],
        [-99304,    4.96],
        [-196637,   9.76],
        [-493281,   24.4]
    ]
}